Designator,Footprint,Quantity,Value,LCSC Part #
BT1,JST_PH_S2B-PH-SM4-TB_1x02-1MP_P2.00mm_Horizontal,1,Battery,
C10,0805,1,1u,
C11,0805,1,1u,
C12,0805,1,1u,
C13,0805,1,100n,
C8,0805,1,10u,
C9,0805,1,1u,
D1,0805,1,LED,
D2,D_SOD-123,1,1N4148W,
D3,0805,1,LED,
J1,USB_C_Receptacle_GCT_USB4105-xx-A_16P_TopMnt_Horizontal,1,USB_C_Receptacle_USB2.0,
"JP1, JP2",SolderJumper-2_P1.3mm_Open_RoundedPad1.0x1.5mm,2,Jumper_2_Open,
Q1,SOT-723,1,WPM2031,
R1,0805,1,5k1,
R10,0805,1,100k,
R11,0805,1,100k,
R12,0805,1,1M,
R13,0805,1,1M,
R14,0805,1,1k,
R2,0805,1,5k1,
R3,0805,1,10k,
R4,0805,1,10k,
R5,0805,1,1k,
R6,0805,1,10k,
R7,0805,1,10k,
R8,0805,1,10k,
R9,0805,1,1k,
U1,ESP32-C3-WROOM-02,1,ESP32-C3-WROOM-02,
U2,SOT-23-5,1,MCP73831-2-OT,
U3,SOT-23-5,1,MIC5504-3.3YM5,
